{"fillp_sheep": {"1": {"1": {"delay": 43.024, "loss": 0.12642635703658023, "tput": 213.6030885492905}, "all": {"delay": 43.024, "loss": 0.12642635703658023, "tput": 213.6030885492905}}, "2": {"1": {"delay": 44.076, "loss": 0.13305041410688934, "tput": 290.9774103640044}, "all": {"delay": 44.076, "loss": 0.13305041410688934, "tput": 290.9774103640044}}, "3": {"1": {"delay": 36.734, "loss": 0.13408058636652842, "tput": 201.8425872302467}, "all": {"delay": 36.734, "loss": 0.13408058636652842, "tput": 201.8425872302467}}}, "fillp": {"1": {"1": {"delay": 34.964, "loss": 0.1999239179123572, "tput": 224.54047248951534}, "all": {"delay": 34.964, "loss": 0.1999239179123572, "tput": 224.54047248951534}}, "2": {"1": {"delay": 35.298, "loss": 0.13911663010483966, "tput": 369.3990017999581}, "all": {"delay": 35.298, "loss": 0.13911663010483966, "tput": 369.3990017999581}}, "3": {"1": {"delay": 37.591, "loss": 0.21029717358511457, "tput": 225.297461562293}, "all": {"delay": 37.591, "loss": 0.21029717358511457, "tput": 225.297461562293}}}, "cubic": {"1": {"1": {"delay": 34.2, "loss": 0.0029200238724296224, "tput": 13.718592297224461}, "all": {"delay": 34.2, "loss": 0.0029200238724296224, "tput": 13.718592297224461}}, "2": {"1": {"delay": 35.142, "loss": 0.0025405061872111334, "tput": 14.919971338047569}, "all": {"delay": 35.142, "loss": 0.0025405061872111334, "tput": 14.919971338047569}}, "3": {"1": {"delay": 44.714, "loss": 0.008089079216847206, "tput": 14.199695536332642}, "all": {"delay": 44.714, "loss": 0.008089079216847206, "tput": 14.199695536332642}}}, "sprout": {"1": {"1": {"delay": 34.445, "loss": 0.012224461783308826, "tput": 11.66913650995564}, "all": {"delay": 34.445, "loss": 0.012224461783308826, "tput": 11.66913650995564}}, "2": {"1": {"delay": 44.421, "loss": 0.022906255184656388, "tput": 9.091217245372498}, "all": {"delay": 44.421, "loss": 0.022906255184656388, "tput": 9.091217245372498}}, "3": {"1": {"delay": 35.766, "loss": 0.005743331560071008, "tput": 11.69817181320412}, "all": {"delay": 35.766, "loss": 0.005743331560071008, "tput": 11.69817181320412}}}, "vivace": {"1": {"1": {"delay": 43.488, "loss": 0.02787234107654213, "tput": 261.1872800585344}, "all": {"delay": 43.488, "loss": 0.02787234107654213, "tput": 261.1872800585344}}, "2": {"1": {"delay": 42.372, "loss": 0.010569636629721213, "tput": 233.92557126268218}, "all": {"delay": 42.372, "loss": 0.010569636629721213, "tput": 233.92557126268218}}, "3": {"1": {"delay": 36.548, "loss": 0.0035645265870150045, "tput": 79.8855889264054}, "all": {"delay": 36.548, "loss": 0.0035645265870150045, "tput": 79.8855889264054}}}, "bbr": {"1": {"1": {"delay": 34.574, "loss": 0.048901696723399835, "tput": 156.76825946149583}, "all": {"delay": 34.574, "loss": 0.048901696723399835, "tput": 156.76825946149583}}, "2": {"1": {"delay": 43.847, "loss": 0.039897849312476086, "tput": 146.41795316852338}, "all": {"delay": 43.847, "loss": 0.039897849312476086, "tput": 146.41795316852338}}, "3": {"1": {"delay": 37.102, "loss": 0.05664824055033191, "tput": 154.19107691121528}, "all": {"delay": 37.102, "loss": 0.05664824055033191, "tput": 154.19107691121528}}}, "vegas": {"1": {"1": {"delay": 44.199, "loss": 0.002819141841032713, "tput": 10.49226328649684}, "all": {"delay": 44.199, "loss": 0.002819141841032713, "tput": 10.49226328649684}}, "2": {"1": {"delay": 36.284, "loss": 0.005563979282807496, "tput": 10.722744424462055}, "all": {"delay": 36.284, "loss": 0.005563979282807496, "tput": 10.722744424462055}}, "3": {"1": {"delay": 35.844, "loss": 0.0034630404663250625, "tput": 11.660406795924183}, "all": {"delay": 35.844, "loss": 0.0034630404663250625, "tput": 11.660406795924183}}}, "ledbat": {"1": {"1": {"delay": 42.332, "loss": 0.0031509477585229817, "tput": 10.890689857177017}, "all": {"delay": 42.332, "loss": 0.0031509477585229817, "tput": 10.890689857177017}}, "2": {"1": {"delay": 44.7, "loss": 0.008819425468492126, "tput": 8.678092472223168}, "all": {"delay": 44.7, "loss": 0.008819425468492126, "tput": 8.678092472223168}}, "3": {"1": {"delay": 44.805, "loss": 0.006035083406564001, "tput": 10.835751167756426}, "all": {"delay": 44.805, "loss": 0.006035083406564001, "tput": 10.835751167756426}}}, "pcc": {"1": {"1": {"delay": 34.604, "loss": 0.059489005466855205, "tput": 240.4102129063235}, "all": {"delay": 34.604, "loss": 0.059489005466855205, "tput": 240.4102129063235}}, "2": {"1": {"delay": 36.314, "loss": 0.08766491116305686, "tput": 290.53698616401965}, "all": {"delay": 36.314, "loss": 0.08766491116305686, "tput": 290.53698616401965}}, "3": {"1": {"delay": 44.156, "loss": 0.02114732450133827, "tput": 171.8240649828351}, "all": {"delay": 44.156, "loss": 0.02114732450133827, "tput": 171.8240649828351}}}, "scream": {"1": {"1": {"delay": 34.131, "loss": 0.0, "tput": 0.21717032252598797}, "all": {"delay": 34.131, "loss": 0.0, "tput": 0.21717032252598797}}, "2": {"1": {"delay": 34.811, "loss": 0.0, "tput": 0.21419818062335602}, "all": {"delay": 34.811, "loss": 0.0, "tput": 0.21419818062335602}}, "3": {"1": {"delay": 43.945, "loss": 0.0, "tput": 0.21745353675747456}, "all": {"delay": 43.945, "loss": 0.0, "tput": 0.21745353675747456}}}, "taova": {"1": {"1": {"delay": 44.763, "loss": 0.06256155557245702, "tput": 175.92671799255774}, "all": {"delay": 44.763, "loss": 0.06256155557245702, "tput": 175.92671799255774}}, "2": {"1": {"delay": 36.901, "loss": 0.04982223299805055, "tput": 163.15594658578058}, "all": {"delay": 36.901, "loss": 0.04982223299805055, "tput": 163.15594658578058}}, "3": {"1": {"delay": 45.475, "loss": 0.09365330166510388, "tput": 126.90997727808512}, "all": {"delay": 45.475, "loss": 0.09365330166510388, "tput": 126.90997727808512}}}, "pcc_experimental": {"1": {"1": {"delay": 43.411, "loss": 0.03367545385141135, "tput": 124.14135453365522}, "all": {"delay": 43.411, "loss": 0.03367545385141135, "tput": 124.14135453365522}}, "2": {"1": {"delay": 37.091, "loss": 0.07232900632160244, "tput": 198.78514025368526}, "all": {"delay": 37.091, "loss": 0.07232900632160244, "tput": 198.78514025368526}}, "3": {"1": {"delay": 37.355, "loss": 0.07287035992811575, "tput": 205.99834896947115}, "all": {"delay": 37.355, "loss": 0.07287035992811575, "tput": 205.99834896947115}}}}