{"fillp_sheep": {"1": {"1": {"delay": 101.308, "loss": 0.08500495736852498, "tput": 257.4102213392198}, "all": {"delay": 101.308, "loss": 0.08500495736852498, "tput": 257.4102213392198}}, "2": {"1": {"delay": 106.289, "loss": 0.019972461241712036, "tput": 355.37362211070865}, "all": {"delay": 106.289, "loss": 0.019972461241712036, "tput": 355.37362211070865}}, "3": {"1": {"delay": 106.319, "loss": 0.03089022929990448, "tput": 352.0925459628721}, "all": {"delay": 106.319, "loss": 0.03089022929990448, "tput": 352.0925459628721}}}, "fillp": {"1": {"1": {"delay": 102.317, "loss": 0.12089091941000873, "tput": 265.86131932191324}, "all": {"delay": 102.317, "loss": 0.12089091941000873, "tput": 265.86131932191324}}, "2": {"1": {"delay": 107.327, "loss": 0.027401477938750474, "tput": 341.42198317361283}, "all": {"delay": 107.327, "loss": 0.027401477938750474, "tput": 341.42198317361283}}, "3": {"1": {"delay": 106.21, "loss": 0.09506334871369782, "tput": 307.96041040814566}, "all": {"delay": 106.21, "loss": 0.09506334871369782, "tput": 307.96041040814566}}}, "cubic": {"1": {"1": {"delay": 104.388, "loss": 0.001731619690725772, "tput": 14.546153713677626}, "all": {"delay": 104.388, "loss": 0.001731619690725772, "tput": 14.546153713677626}}, "2": {"1": {"delay": 106.267, "loss": 0.0038452068407255346, "tput": 8.303016718177116}, "all": {"delay": 106.267, "loss": 0.0038452068407255346, "tput": 8.303016718177116}}, "3": {"1": {"delay": 105.342, "loss": 0.0067781133711468655, "tput": 8.149248454441919}, "all": {"delay": 105.342, "loss": 0.0067781133711468655, "tput": 8.149248454441919}}}, "sprout": {"1": {"1": {"delay": 108.374, "loss": 0.0, "tput": 0.5323756336736941}, "all": {"delay": 108.374, "loss": 0.0, "tput": 0.5323756336736941}}, "2": {"1": {"delay": 105.66, "loss": 0.0, "tput": 0.5387471305040742}, "all": {"delay": 105.66, "loss": 0.0, "tput": 0.5387471305040742}}, "3": {"1": {"delay": 105.793, "loss": 0.0, "tput": 0.6037635986517654}, "all": {"delay": 105.793, "loss": 0.0, "tput": 0.6037635986517654}}}, "vivace": {"1": {"1": {"delay": 109.973, "loss": 0.016523899468156245, "tput": 209.45030906174188}, "all": {"delay": 109.973, "loss": 0.016523899468156245, "tput": 209.45030906174188}}, "2": {"1": {"delay": 106.543, "loss": 0.018629635063559413, "tput": 147.70905980457928}, "all": {"delay": 106.543, "loss": 0.018629635063559413, "tput": 147.70905980457928}}, "3": {"1": {"delay": 105.548, "loss": 0.007833956839592537, "tput": 144.93157704307743}, "all": {"delay": 105.548, "loss": 0.007833956839592537, "tput": 144.93157704307743}}}, "bbr": {"1": {"1": {"delay": 109.649, "loss": 0.002061553131267435, "tput": 91.46224368285077}, "all": {"delay": 109.649, "loss": 0.002061553131267435, "tput": 91.46224368285077}}, "2": {"1": {"delay": 105.529, "loss": 0.0011565329884464237, "tput": 92.59940358505744}, "all": {"delay": 105.529, "loss": 0.0011565329884464237, "tput": 92.59940358505744}}, "3": {"1": {"delay": 106.755, "loss": 0.0024977985668754865, "tput": 93.35553324438195}, "all": {"delay": 106.755, "loss": 0.0024977985668754865, "tput": 93.35553324438195}}}, "vegas": {"1": {"1": {"delay": 107.96, "loss": 0.0047753926253306656, "tput": 3.9202929116528664}, "all": {"delay": 107.96, "loss": 0.0047753926253306656, "tput": 3.9202929116528664}}, "2": {"1": {"delay": 105.877, "loss": 0.00200518889414103, "tput": 3.992830989853752}, "all": {"delay": 105.877, "loss": 0.00200518889414103, "tput": 3.992830989853752}}, "3": {"1": {"delay": 106.761, "loss": 0.0058121314222081555, "tput": 4.042019641144366}, "all": {"delay": 106.761, "loss": 0.0058121314222081555, "tput": 4.042019641144366}}}, "ledbat": {"1": {"1": {"delay": 108.358, "loss": 0.0033810053768487114, "tput": 4.9604244055622235}, "all": {"delay": 108.358, "loss": 0.0033810053768487114, "tput": 4.9604244055622235}}, "2": {"1": {"delay": 105.702, "loss": 0.0009562892804678702, "tput": 5.346510074708266}, "all": {"delay": 105.702, "loss": 0.0009562892804678702, "tput": 5.346510074708266}}, "3": {"1": {"delay": 107.322, "loss": 0.0012575692199210398, "tput": 3.735870083769492}, "all": {"delay": 107.322, "loss": 0.0012575692199210398, "tput": 3.735870083769492}}}, "pcc": {"1": {"1": {"delay": 107.695, "loss": 0.24484561230811908, "tput": 198.43128263423688}, "all": {"delay": 107.695, "loss": 0.24484561230811908, "tput": 198.43128263423688}}, "2": {"1": {"delay": 106.638, "loss": 0.03248382121480842, "tput": 214.5306572114847}, "all": {"delay": 106.638, "loss": 0.03248382121480842, "tput": 214.5306572114847}}, "3": {"1": {"delay": 107.084, "loss": 0.014479454643374967, "tput": 185.24414815484883}, "all": {"delay": 107.084, "loss": 0.014479454643374967, "tput": 185.24414815484883}}}, "scream": {"1": {"1": {"delay": 107.754, "loss": 0.0, "tput": 0.21869950300216534}, "all": {"delay": 107.754, "loss": 0.0, "tput": 0.21869950300216534}}, "2": {"1": {"delay": 105.554, "loss": 0.0, "tput": 0.21969057937906653}, "all": {"delay": 105.554, "loss": 0.0, "tput": 0.21969057937906653}}, "3": {"1": {"delay": 106.102, "loss": 0.0, "tput": 0.21947677391642292}, "all": {"delay": 106.102, "loss": 0.0, "tput": 0.21947677391642292}}}, "taova": {"1": {"1": {"delay": 107.594, "loss": 0.04088459899183394, "tput": 107.45567519311973}, "all": {"delay": 107.594, "loss": 0.04088459899183394, "tput": 107.45567519311973}}, "2": {"1": {"delay": 107.055, "loss": 0.0528347005051637, "tput": 114.98357393766088}, "all": {"delay": 107.055, "loss": 0.0528347005051637, "tput": 114.98357393766088}}, "3": {"1": {"delay": 107.208, "loss": 0.056954830364003284, "tput": 116.00582414341427}, "all": {"delay": 107.208, "loss": 0.056954830364003284, "tput": 116.00582414341427}}}, "pcc_experimental": {"1": {"1": {"delay": 107.095, "loss": 0.017519997361277295, "tput": 126.45437201707726}, "all": {"delay": 107.095, "loss": 0.017519997361277295, "tput": 126.45437201707726}}, "2": {"1": {"delay": 106.647, "loss": 0.024395891507006717, "tput": 138.23972176704677}, "all": {"delay": 106.647, "loss": 0.024395891507006717, "tput": 138.23972176704677}}, "3": {"1": {"delay": 106.883, "loss": 0.0065556789125919, "tput": 111.46349833372733}, "all": {"delay": 106.883, "loss": 0.0065556789125919, "tput": 111.46349833372733}}}}