{"fillp_sheep": {"1": {"1": {"delay": 42.24, "loss": 0.07888611468219353, "tput": 261.4906594810504}, "all": {"delay": 42.24, "loss": 0.07888611468219353, "tput": 261.4906594810504}}, "2": {"1": {"delay": 42.041, "loss": 0.024897530486878705, "tput": 380.0414152648096}, "all": {"delay": 42.041, "loss": 0.024897530486878705, "tput": 380.0414152648096}}, "3": {"1": {"delay": 41.787, "loss": 0.029032425743003243, "tput": 435.01673775959125}, "all": {"delay": 41.787, "loss": 0.029032425743003243, "tput": 435.01673775959125}}}, "fillp": {"1": {"1": {"delay": 42.794, "loss": 0.13043311137598668, "tput": 275.68217176796634}, "all": {"delay": 42.794, "loss": 0.13043311137598668, "tput": 275.68217176796634}}, "2": {"1": {"delay": 43.135, "loss": 0.1093808208852407, "tput": 277.6704284665133}, "all": {"delay": 43.135, "loss": 0.1093808208852407, "tput": 277.6704284665133}}, "3": {"1": {"delay": 42.709, "loss": 0.10658413137814193, "tput": 282.38933449743024}, "all": {"delay": 42.709, "loss": 0.10658413137814193, "tput": 282.38933449743024}}}, "cubic": {"1": {"1": {"delay": 41.809, "loss": 0.0014231611334993843, "tput": 10.68448791175016}, "all": {"delay": 41.809, "loss": 0.0014231611334993843, "tput": 10.68448791175016}}, "2": {"1": {"delay": 42.36, "loss": 0.006050122348311815, "tput": 12.689770692681876}, "all": {"delay": 42.36, "loss": 0.006050122348311815, "tput": 12.689770692681876}}, "3": {"1": {"delay": 41.951, "loss": 0.0072474657382193275, "tput": 10.24818376334457}, "all": {"delay": 41.951, "loss": 0.0072474657382193275, "tput": 10.24818376334457}}}, "sprout": {"1": {"1": {"delay": 41.943, "loss": 0.012691869632161179, "tput": 9.091008513418425}, "all": {"delay": 41.943, "loss": 0.012691869632161179, "tput": 9.091008513418425}}, "2": {"1": {"delay": 42.291, "loss": 0.009680495561144253, "tput": 9.086720215189239}, "all": {"delay": 42.291, "loss": 0.009680495561144253, "tput": 9.086720215189239}}, "3": {"1": {"delay": 42.017, "loss": 0.01862627752254531, "tput": 8.890067462464067}, "all": {"delay": 42.017, "loss": 0.01862627752254531, "tput": 8.890067462464067}}}, "vivace": {"1": {"1": {"delay": 42.282, "loss": 0.008964352173490564, "tput": 105.288281289109}, "all": {"delay": 42.282, "loss": 0.008964352173490564, "tput": 105.288281289109}}, "2": {"1": {"delay": 41.899, "loss": 0.005705593858799762, "tput": 187.10377627175194}, "all": {"delay": 41.899, "loss": 0.005705593858799762, "tput": 187.10377627175194}}, "3": {"1": {"delay": 43.085, "loss": 0.021865206012008587, "tput": 77.29542804742627}, "all": {"delay": 43.085, "loss": 0.021865206012008587, "tput": 77.29542804742627}}}, "bbr": {"1": {"1": {"delay": 42.616, "loss": 0.04269727476407614, "tput": 122.19913736435916}, "all": {"delay": 42.616, "loss": 0.04269727476407614, "tput": 122.19913736435916}}, "2": {"1": {"delay": 42.839, "loss": 0.04406918645420921, "tput": 119.7552681561064}, "all": {"delay": 42.839, "loss": 0.04406918645420921, "tput": 119.7552681561064}}, "3": {"1": {"delay": 42.071, "loss": 0.036124018516816125, "tput": 121.08151935090189}, "all": {"delay": 42.071, "loss": 0.036124018516816125, "tput": 121.08151935090189}}}, "vegas": {"1": {"1": {"delay": 42.072, "loss": 0.0036864311807196515, "tput": 10.284146730939515}, "all": {"delay": 42.072, "loss": 0.0036864311807196515, "tput": 10.284146730939515}}, "2": {"1": {"delay": 42.219, "loss": 0.004994829271397494, "tput": 10.443310427670749}, "all": {"delay": 42.219, "loss": 0.004994829271397494, "tput": 10.443310427670749}}, "3": {"1": {"delay": 41.834, "loss": 0.0026035561922980177, "tput": 10.428614087416662}, "all": {"delay": 41.834, "loss": 0.0026035561922980177, "tput": 10.428614087416662}}}, "ledbat": {"1": {"1": {"delay": 42.455, "loss": 0.0029624360088932322, "tput": 13.314312834772084}, "all": {"delay": 42.455, "loss": 0.0029624360088932322, "tput": 13.314312834772084}}, "2": {"1": {"delay": 42.615, "loss": 0.0068387889074083, "tput": 9.156390674611714}, "all": {"delay": 42.615, "loss": 0.0068387889074083, "tput": 9.156390674611714}}, "3": {"1": {"delay": 42.24, "loss": 0.003903010762017378, "tput": 10.18462731601452}, "all": {"delay": 42.24, "loss": 0.003903010762017378, "tput": 10.18462731601452}}}, "pcc": {"1": {"1": {"delay": 42.414, "loss": 0.015714769202396672, "tput": 147.58353517680032}, "all": {"delay": 42.414, "loss": 0.015714769202396672, "tput": 147.58353517680032}}, "2": {"1": {"delay": 41.904, "loss": 0.01270368095583796, "tput": 133.1007302694614}, "all": {"delay": 41.904, "loss": 0.01270368095583796, "tput": 133.1007302694614}}, "3": {"1": {"delay": 42.159, "loss": 0.06576489163634358, "tput": 203.41531844607007}, "all": {"delay": 42.159, "loss": 0.06576489163634358, "tput": 203.41531844607007}}}, "scream": {"1": {"1": {"delay": 41.747, "loss": 0.0, "tput": 0.21723485626445507}, "all": {"delay": 41.747, "loss": 0.0, "tput": 0.21723485626445507}}, "2": {"1": {"delay": 41.528, "loss": 0.0, "tput": 0.21728772448801284}, "all": {"delay": 41.528, "loss": 0.0, "tput": 0.21728772448801284}}, "3": {"1": {"delay": 41.815, "loss": 0.0, "tput": 0.21735463736437027}, "all": {"delay": 41.815, "loss": 0.0, "tput": 0.21735463736437027}}}, "taova": {"1": {"1": {"delay": 43.026, "loss": 0.06584895913921496, "tput": 137.46307392973134}, "all": {"delay": 43.026, "loss": 0.06584895913921496, "tput": 137.46307392973134}}, "2": {"1": {"delay": 43.107, "loss": 0.07952025933799567, "tput": 130.7763447376289}, "all": {"delay": 43.107, "loss": 0.07952025933799567, "tput": 130.7763447376289}}, "3": {"1": {"delay": 43.253, "loss": 0.07753156954010543, "tput": 135.9111976597703}, "all": {"delay": 43.253, "loss": 0.07753156954010543, "tput": 135.9111976597703}}}, "pcc_experimental": {"1": {"1": {"delay": 42.995, "loss": 0.04942034381422167, "tput": 145.6821551187819}, "all": {"delay": 42.995, "loss": 0.04942034381422167, "tput": 145.6821551187819}}, "2": {"1": {"delay": 42.334, "loss": 0.01698904309264404, "tput": 130.44712931805304}, "all": {"delay": 42.334, "loss": 0.01698904309264404, "tput": 130.44712931805304}}, "3": {"1": {"delay": 43.064, "loss": 0.019779106137809643, "tput": 116.89057785663998}, "all": {"delay": 43.064, "loss": 0.019779106137809643, "tput": 116.89057785663998}}}}