{"fillp_sheep": {"1": {"1": {"delay": 44.979, "loss": 0.08016848762720197, "tput": 279.7464752091212}, "all": {"delay": 44.979, "loss": 0.08016848762720197, "tput": 279.7464752091212}}, "2": {"1": {"delay": 44.775, "loss": 0.06886547349039263, "tput": 277.5229902563168}, "all": {"delay": 44.775, "loss": 0.06886547349039263, "tput": 277.5229902563168}}, "3": {"1": {"delay": 45.337, "loss": 0.06732012017522448, "tput": 266.83903112232684}, "all": {"delay": 45.337, "loss": 0.06732012017522448, "tput": 266.83903112232684}}}, "fillp": {"1": {"1": {"delay": 45.158, "loss": 0.12643722182019723, "tput": 282.93206359421384}, "all": {"delay": 45.158, "loss": 0.12643722182019723, "tput": 282.93206359421384}}, "2": {"1": {"delay": 44.318, "loss": 0.02643121463877529, "tput": 374.9542995125022}, "all": {"delay": 44.318, "loss": 0.02643121463877529, "tput": 374.9542995125022}}, "3": {"1": {"delay": 45.641, "loss": 0.10056309987921852, "tput": 297.52695526529436}, "all": {"delay": 45.641, "loss": 0.10056309987921852, "tput": 297.52695526529436}}}, "cubic": {"1": {"1": {"delay": 44.151, "loss": 0.0025364029363029728, "tput": 12.18408236867477}, "all": {"delay": 44.151, "loss": 0.0025364029363029728, "tput": 12.18408236867477}}, "2": {"1": {"delay": 44.547, "loss": 0.006328148314230675, "tput": 10.772875781865942}, "all": {"delay": 44.547, "loss": 0.006328148314230675, "tput": 10.772875781865942}}, "3": {"1": {"delay": 44.994, "loss": 0.003263830038452431, "tput": 12.949624618270203}, "all": {"delay": 44.994, "loss": 0.003263830038452431, "tput": 12.949624618270203}}}, "sprout": {"1": {"1": {"delay": 44.027, "loss": 0.01462785525801813, "tput": 9.11226271451886}, "all": {"delay": 44.027, "loss": 0.01462785525801813, "tput": 9.11226271451886}}, "2": {"1": {"delay": 44.715, "loss": 0.021284575962365215, "tput": 8.889120432304333}, "all": {"delay": 44.715, "loss": 0.021284575962365215, "tput": 8.889120432304333}}, "3": {"1": {"delay": 45.171, "loss": 0.014087196198750318, "tput": 9.089913231061885}, "all": {"delay": 45.171, "loss": 0.014087196198750318, "tput": 9.089913231061885}}}, "vivace": {"1": {"1": {"delay": 44.004, "loss": 0.023808233441295457, "tput": 107.61709844104546}, "all": {"delay": 44.004, "loss": 0.023808233441295457, "tput": 107.61709844104546}}, "2": {"1": {"delay": 44.725, "loss": 0.009482503322374658, "tput": 93.65623882925829}, "all": {"delay": 44.725, "loss": 0.009482503322374658, "tput": 93.65623882925829}}, "3": {"1": {"delay": 45.234, "loss": 0.026611795083377965, "tput": 193.78263969922213}, "all": {"delay": 45.234, "loss": 0.026611795083377965, "tput": 193.78263969922213}}}, "bbr": {"1": {"1": {"delay": 43.838, "loss": 0.01924867892814719, "tput": 146.09329955050666}, "all": {"delay": 43.838, "loss": 0.01924867892814719, "tput": 146.09329955050666}}, "2": {"1": {"delay": 44.674, "loss": 0.0301220540977315, "tput": 133.91178866494425}, "all": {"delay": 44.674, "loss": 0.0301220540977315, "tput": 133.91178866494425}}, "3": {"1": {"delay": 45.005, "loss": 0.02107127826307731, "tput": 148.7024512045632}, "all": {"delay": 45.005, "loss": 0.02107127826307731, "tput": 148.7024512045632}}}, "vegas": {"1": {"1": {"delay": 43.911, "loss": 0.003879443713373232, "tput": 10.181691175282722}, "all": {"delay": 43.911, "loss": 0.003879443713373232, "tput": 10.181691175282722}}, "2": {"1": {"delay": 44.849, "loss": 0.003235866799537135, "tput": 9.427443250750747}, "all": {"delay": 44.849, "loss": 0.003235866799537135, "tput": 9.427443250750747}}, "3": {"1": {"delay": 45.166, "loss": 0.0027436798385847005, "tput": 7.721110590624391}, "all": {"delay": 45.166, "loss": 0.0027436798385847005, "tput": 7.721110590624391}}}, "ledbat": {"1": {"1": {"delay": 44.045, "loss": 0.003453730242077069, "tput": 13.452487933052252}, "all": {"delay": 44.045, "loss": 0.003453730242077069, "tput": 13.452487933052252}}, "2": {"1": {"delay": 44.947, "loss": 0.007953678230722794, "tput": 8.86448963392915}, "all": {"delay": 44.947, "loss": 0.007953678230722794, "tput": 8.86448963392915}}, "3": {"1": {"delay": 45.562, "loss": 0.004395446134985992, "tput": 10.566212501673732}, "all": {"delay": 45.562, "loss": 0.004395446134985992, "tput": 10.566212501673732}}}, "pcc": {"1": {"1": {"delay": 43.532, "loss": 0.01299380992382082, "tput": 188.20166509860667}, "all": {"delay": 43.532, "loss": 0.01299380992382082, "tput": 188.20166509860667}}, "2": {"1": {"delay": 44.554, "loss": 0.016347213892181744, "tput": 159.54105153701525}, "all": {"delay": 44.554, "loss": 0.016347213892181744, "tput": 159.54105153701525}}, "3": {"1": {"delay": 45.234, "loss": 0.02824417046180694, "tput": 137.623793472157}, "all": {"delay": 45.234, "loss": 0.02824417046180694, "tput": 137.623793472157}}}, "scream": {"1": {"1": {"delay": 43.61, "loss": 0.0, "tput": 0.2173109039678843}, "all": {"delay": 43.61, "loss": 0.0, "tput": 0.2173109039678843}}, "2": {"1": {"delay": 44.332, "loss": 0.0, "tput": 0.21723486478469578}, "all": {"delay": 44.332, "loss": 0.0, "tput": 0.21723486478469578}}, "3": {"1": {"delay": 44.851, "loss": 0.0, "tput": 0.2172688758480828}, "all": {"delay": 44.851, "loss": 0.0, "tput": 0.2172688758480828}}}, "taova": {"1": {"1": {"delay": 44.685, "loss": 0.058626346933424056, "tput": 132.50258546145818}, "all": {"delay": 44.685, "loss": 0.058626346933424056, "tput": 132.50258546145818}}, "2": {"1": {"delay": 45.585, "loss": 0.07138561363942386, "tput": 135.71103605559315}, "all": {"delay": 45.585, "loss": 0.07138561363942386, "tput": 135.71103605559315}}, "3": {"1": {"delay": 46.125, "loss": 0.08098942451163338, "tput": 134.10712532581292}, "all": {"delay": 46.125, "loss": 0.08098942451163338, "tput": 134.10712532581292}}}, "pcc_experimental": {"1": {"1": {"delay": 44.797, "loss": 0.04434274831421492, "tput": 169.1812166227014}, "all": {"delay": 44.797, "loss": 0.04434274831421492, "tput": 169.1812166227014}}, "2": {"1": {"delay": 45.065, "loss": 0.019600466654685622, "tput": 107.75509201542963}, "all": {"delay": 45.065, "loss": 0.019600466654685622, "tput": 107.75509201542963}}, "3": {"1": {"delay": 45.74, "loss": 0.021702585067511992, "tput": 111.37208934688255}, "all": {"delay": 45.74, "loss": 0.021702585067511992, "tput": 111.37208934688255}}}}