{"fillp_sheep": {"1": {"1": {"delay": 38.247, "loss": 0.08174553419182284, "tput": 258.06564882822283}, "all": {"delay": 38.247, "loss": 0.08174553419182284, "tput": 258.06564882822283}}, "2": {"1": {"delay": 29.05, "loss": 0.03267173094485043, "tput": 400.4058310231732}, "all": {"delay": 29.05, "loss": 0.03267173094485043, "tput": 400.4058310231732}}, "3": {"1": {"delay": 37.17, "loss": 0.04028352488769449, "tput": 383.8141833944553}, "all": {"delay": 37.17, "loss": 0.04028352488769449, "tput": 383.8141833944553}}}, "fillp": {"1": {"1": {"delay": 30.542, "loss": 0.11105551759233101, "tput": 285.19371828721285}, "all": {"delay": 30.542, "loss": 0.11105551759233101, "tput": 285.19371828721285}}, "2": {"1": {"delay": 30.856, "loss": 0.12425492670409077, "tput": 270.2832375018044}, "all": {"delay": 30.856, "loss": 0.12425492670409077, "tput": 270.2832375018044}}, "3": {"1": {"delay": 37.038, "loss": 0.03866324301175961, "tput": 415.7717990865441}, "all": {"delay": 37.038, "loss": 0.03866324301175961, "tput": 415.7717990865441}}}, "cubic": {"1": {"1": {"delay": 39.597, "loss": 0.0028573583636294364, "tput": 15.235000737289202}, "all": {"delay": 39.597, "loss": 0.0028573583636294364, "tput": 15.235000737289202}}, "2": {"1": {"delay": 29.97, "loss": 0.0015788486166671278, "tput": 15.697126126115906}, "all": {"delay": 29.97, "loss": 0.0015788486166671278, "tput": 15.697126126115906}}, "3": {"1": {"delay": 37.94, "loss": 0.002289917459501134, "tput": 12.558318446743417}, "all": {"delay": 37.94, "loss": 0.002289917459501134, "tput": 12.558318446743417}}}, "sprout": {"1": {"1": {"delay": 30.949, "loss": 0.011746228127816005, "tput": 11.647894850198327}, "all": {"delay": 30.949, "loss": 0.011746228127816005, "tput": 11.647894850198327}}, "2": {"1": {"delay": 29.463, "loss": 0.015601535981741188, "tput": 11.617941759919184}, "all": {"delay": 29.463, "loss": 0.015601535981741188, "tput": 11.617941759919184}}, "3": {"1": {"delay": 29.848, "loss": 0.012297763101612014, "tput": 11.655562619833324}, "all": {"delay": 29.848, "loss": 0.012297763101612014, "tput": 11.655562619833324}}}, "vivace": {"1": {"1": {"delay": 31.529, "loss": 0.03916867455520989, "tput": 125.93060022182969}, "all": {"delay": 31.529, "loss": 0.03916867455520989, "tput": 125.93060022182969}}, "2": {"1": {"delay": 30.522, "loss": 0.03128261637993246, "tput": 105.22271285287313}, "all": {"delay": 30.522, "loss": 0.03128261637993246, "tput": 105.22271285287313}}, "3": {"1": {"delay": 29.428, "loss": 0.019724344761132273, "tput": 95.54657661666684}, "all": {"delay": 29.428, "loss": 0.019724344761132273, "tput": 95.54657661666684}}}, "bbr": {"1": {"1": {"delay": 30.293, "loss": 0.05668336539264318, "tput": 145.5135739590078}, "all": {"delay": 30.293, "loss": 0.05668336539264318, "tput": 145.5135739590078}}, "2": {"1": {"delay": 30.287, "loss": 0.04966973106845152, "tput": 139.48019418076026}, "all": {"delay": 30.287, "loss": 0.04966973106845152, "tput": 139.48019418076026}}, "3": {"1": {"delay": 29.336, "loss": 0.051904353157263494, "tput": 160.7452804061305}, "all": {"delay": 29.336, "loss": 0.051904353157263494, "tput": 160.7452804061305}}}, "vegas": {"1": {"1": {"delay": 30.516, "loss": 0.0025493858529480606, "tput": 14.397616658246363}, "all": {"delay": 30.516, "loss": 0.0025493858529480606, "tput": 14.397616658246363}}, "2": {"1": {"delay": 36.843, "loss": 0.005844859844829298, "tput": 9.871791431908305}, "all": {"delay": 36.843, "loss": 0.005844859844829298, "tput": 9.871791431908305}}, "3": {"1": {"delay": 37.845, "loss": 0.007925217859925948, "tput": 9.829750986156252}, "all": {"delay": 37.845, "loss": 0.007925217859925948, "tput": 9.829750986156252}}}, "ledbat": {"1": {"1": {"delay": 29.744, "loss": 0.005353855684280928, "tput": 13.218522359937367}, "all": {"delay": 29.744, "loss": 0.005353855684280928, "tput": 13.218522359937367}}, "2": {"1": {"delay": 29.774, "loss": 0.005485447763463935, "tput": 10.99929987689608}, "all": {"delay": 29.774, "loss": 0.005485447763463935, "tput": 10.99929987689608}}, "3": {"1": {"delay": 29.367, "loss": 0.0060178884612178685, "tput": 12.692873059452321}, "all": {"delay": 29.367, "loss": 0.0060178884612178685, "tput": 12.692873059452321}}}, "pcc": {"1": {"1": {"delay": 31.228, "loss": 0.038487837540563286, "tput": 98.16144431560095}, "all": {"delay": 31.228, "loss": 0.038487837540563286, "tput": 98.16144431560095}}, "2": {"1": {"delay": 36.827, "loss": 0.056631987386676186, "tput": 233.57917569329763}, "all": {"delay": 36.827, "loss": 0.056631987386676186, "tput": 233.57917569329763}}, "3": {"1": {"delay": 37.353, "loss": 0.01256704898958838, "tput": 125.52542151688472}, "all": {"delay": 37.353, "loss": 0.01256704898958838, "tput": 125.52542151688472}}}, "scream": {"1": {"1": {"delay": 28.653, "loss": 0.0, "tput": 0.21419274206211994}, "all": {"delay": 28.653, "loss": 0.0, "tput": 0.21419274206211994}}, "2": {"1": {"delay": 29.22, "loss": 0.0, "tput": 0.21416378166260236}, "all": {"delay": 29.22, "loss": 0.0, "tput": 0.21416378166260236}}, "3": {"1": {"delay": 28.05, "loss": 0.0, "tput": 0.2171678069293872}, "all": {"delay": 28.05, "loss": 0.0, "tput": 0.2171678069293872}}}, "taova": {"1": {"1": {"delay": 31.496, "loss": 0.1047766138533136, "tput": 123.53801147113214}, "all": {"delay": 31.496, "loss": 0.1047766138533136, "tput": 123.53801147113214}}, "2": {"1": {"delay": 38.579, "loss": 0.08747060159741693, "tput": 130.60454946878048}, "all": {"delay": 38.579, "loss": 0.08747060159741693, "tput": 130.60454946878048}}, "3": {"1": {"delay": 31.196, "loss": 0.07308794535496699, "tput": 123.91287801349709}, "all": {"delay": 31.196, "loss": 0.07308794535496699, "tput": 123.91287801349709}}}, "pcc_experimental": {"1": {"1": {"delay": 31.413, "loss": 0.06454751305642625, "tput": 91.03097873519911}, "all": {"delay": 31.413, "loss": 0.06454751305642625, "tput": 91.03097873519911}}, "2": {"1": {"delay": 37.671, "loss": 0.03771508080134489, "tput": 122.02972718619854}, "all": {"delay": 37.671, "loss": 0.03771508080134489, "tput": 122.02972718619854}}, "3": {"1": {"delay": 30.33, "loss": 0.07575236290827014, "tput": 139.98439954691443}, "all": {"delay": 30.33, "loss": 0.07575236290827014, "tput": 139.98439954691443}}}}