{"fillp_sheep": {"1": {"1": {"delay": 42.769, "loss": 0.06701699850162146, "tput": 275.018827964984}, "all": {"delay": 42.769, "loss": 0.06701699850162146, "tput": 275.018827964984}}, "2": {"1": {"delay": 34.152, "loss": 0.01618508855660994, "tput": 392.6030107672271}, "all": {"delay": 34.152, "loss": 0.01618508855660994, "tput": 392.6030107672271}}, "3": {"1": {"delay": 33.301, "loss": 0.02186901158421639, "tput": 394.4350634778132}, "all": {"delay": 33.301, "loss": 0.02186901158421639, "tput": 394.4350634778132}}}, "fillp": {"1": {"1": {"delay": 43.875, "loss": 0.10850646869230696, "tput": 294.0395378597907}, "all": {"delay": 43.875, "loss": 0.10850646869230696, "tput": 294.0395378597907}}, "2": {"1": {"delay": 43.428, "loss": 0.024060118122686713, "tput": 372.03216984767045}, "all": {"delay": 43.428, "loss": 0.024060118122686713, "tput": 372.03216984767045}}, "3": {"1": {"delay": 42.199, "loss": 0.02272224871443218, "tput": 378.0208563700663}, "all": {"delay": 42.199, "loss": 0.02272224871443218, "tput": 378.0208563700663}}}, "cubic": {"1": {"1": {"delay": 43.602, "loss": 0.0023995145690999253, "tput": 11.568003963614341}, "all": {"delay": 43.602, "loss": 0.0023995145690999253, "tput": 11.568003963614341}}, "2": {"1": {"delay": 35.308, "loss": 0.005432088485143427, "tput": 12.231626202261088}, "all": {"delay": 35.308, "loss": 0.005432088485143427, "tput": 12.231626202261088}}, "3": {"1": {"delay": 32.87, "loss": 0.005718724799287589, "tput": 13.811662339906253}, "all": {"delay": 32.87, "loss": 0.005718724799287589, "tput": 13.811662339906253}}}, "sprout": {"1": {"1": {"delay": 35.264, "loss": 0.006763692437826485, "tput": 11.654901655962055}, "all": {"delay": 35.264, "loss": 0.006763692437826485, "tput": 11.654901655962055}}, "2": {"1": {"delay": 35.211, "loss": 0.01308784124457718, "tput": 11.643025125178061}, "all": {"delay": 35.211, "loss": 0.01308784124457718, "tput": 11.643025125178061}}, "3": {"1": {"delay": 33.773, "loss": 0.013045732622628536, "tput": 11.589758537817406}, "all": {"delay": 33.773, "loss": 0.013045732622628536, "tput": 11.589758537817406}}}, "vivace": {"1": {"1": {"delay": 43.703, "loss": 0.031175978996495046, "tput": 144.18180028161504}, "all": {"delay": 43.703, "loss": 0.031175978996495046, "tput": 144.18180028161504}}, "2": {"1": {"delay": 34.46, "loss": 0.00805742798081499, "tput": 68.18860238428634}, "all": {"delay": 34.46, "loss": 0.00805742798081499, "tput": 68.18860238428634}}, "3": {"1": {"delay": 40.415, "loss": 0.013690514893812011, "tput": 130.17404873171813}, "all": {"delay": 40.415, "loss": 0.013690514893812011, "tput": 130.17404873171813}}}, "bbr": {"1": {"1": {"delay": 34.928, "loss": 0.04816792702830208, "tput": 165.7200320783584}, "all": {"delay": 34.928, "loss": 0.04816792702830208, "tput": 165.7200320783584}}, "2": {"1": {"delay": 34.367, "loss": 0.030099427558413328, "tput": 161.22846513963395}, "all": {"delay": 34.367, "loss": 0.030099427558413328, "tput": 161.22846513963395}}, "3": {"1": {"delay": 32.751, "loss": 0.03221129482012586, "tput": 170.69517390541412}, "all": {"delay": 32.751, "loss": 0.03221129482012586, "tput": 170.69517390541412}}}, "vegas": {"1": {"1": {"delay": 42.44, "loss": 0.0032252487245657546, "tput": 9.660698084315934}, "all": {"delay": 42.44, "loss": 0.0032252487245657546, "tput": 9.660698084315934}}, "2": {"1": {"delay": 33.829, "loss": 0.003356720224754084, "tput": 14.289050307429184}, "all": {"delay": 33.829, "loss": 0.003356720224754084, "tput": 14.289050307429184}}, "3": {"1": {"delay": 41.3, "loss": 0.003255745900296203, "tput": 11.63794443480387}, "all": {"delay": 41.3, "loss": 0.003255745900296203, "tput": 11.63794443480387}}}, "ledbat": {"1": {"1": {"delay": 42.857, "loss": 0.003552580044720033, "tput": 16.266635205995065}, "all": {"delay": 42.857, "loss": 0.003552580044720033, "tput": 16.266635205995065}}, "2": {"1": {"delay": 43.749, "loss": 0.005405843342759176, "tput": 10.00825323884967}, "all": {"delay": 43.749, "loss": 0.005405843342759176, "tput": 10.00825323884967}}, "3": {"1": {"delay": 33.546, "loss": 0.00391889939862633, "tput": 16.313359178176825}, "all": {"delay": 33.546, "loss": 0.00391889939862633, "tput": 16.313359178176825}}}, "pcc": {"1": {"1": {"delay": 35.257, "loss": 0.009383372638385623, "tput": 140.57752235840618}, "all": {"delay": 35.257, "loss": 0.009383372638385623, "tput": 140.57752235840618}}, "2": {"1": {"delay": 34.37, "loss": 0.06272317152856577, "tput": 320.66047505966066}, "all": {"delay": 34.37, "loss": 0.06272317152856577, "tput": 320.66047505966066}}, "3": {"1": {"delay": 32.119, "loss": 0.018469585109233355, "tput": 173.30387856175406}, "all": {"delay": 32.119, "loss": 0.018469585109233355, "tput": 173.30387856175406}}}, "scream": {"1": {"1": {"delay": 34.907, "loss": 0.0, "tput": 0.21443988935748173}, "all": {"delay": 34.907, "loss": 0.0, "tput": 0.21443988935748173}}, "2": {"1": {"delay": 41.984, "loss": 0.0, "tput": 0.21692159048720533}, "all": {"delay": 41.984, "loss": 0.0, "tput": 0.21692159048720533}}, "3": {"1": {"delay": 41.158, "loss": 0.0, "tput": 0.2171058138296977}, "all": {"delay": 41.158, "loss": 0.0, "tput": 0.2171058138296977}}}, "taova": {"1": {"1": {"delay": 35.465, "loss": 0.08170705476401818, "tput": 126.16420553840571}, "all": {"delay": 35.465, "loss": 0.08170705476401818, "tput": 126.16420553840571}}, "2": {"1": {"delay": 41.738, "loss": 0.0825836804743667, "tput": 138.94355226815435}, "all": {"delay": 41.738, "loss": 0.0825836804743667, "tput": 138.94355226815435}}, "3": {"1": {"delay": 33.447, "loss": 0.06755928895718388, "tput": 122.13290681058471}, "all": {"delay": 33.447, "loss": 0.06755928895718388, "tput": 122.13290681058471}}}, "pcc_experimental": {"1": {"1": {"delay": 36.338, "loss": 0.04952151015583006, "tput": 118.55033160282467}, "all": {"delay": 36.338, "loss": 0.04952151015583006, "tput": 118.55033160282467}}, "2": {"1": {"delay": 43.312, "loss": 0.054470774367837094, "tput": 88.44447805559565}, "all": {"delay": 43.312, "loss": 0.054470774367837094, "tput": 88.44447805559565}}, "3": {"1": {"delay": 42.465, "loss": 0.056937613570334, "tput": 89.48241556193338}, "all": {"delay": 42.465, "loss": 0.056937613570334, "tput": 89.48241556193338}}}}