{"fillp_sheep": {"1": {"1": {"delay": 45.482, "loss": 0.05469914657913688, "tput": 260.2345510052557}, "all": {"delay": 45.482, "loss": 0.05469914657913688, "tput": 260.2345510052557}}, "2": {"1": {"delay": 45.294, "loss": 0.0773241258033438, "tput": 366.1986780472199}, "all": {"delay": 45.294, "loss": 0.0773241258033438, "tput": 366.1986780472199}}, "3": {"1": {"delay": 45.583, "loss": 0.07180054541649783, "tput": 246.19425606160524}, "all": {"delay": 45.583, "loss": 0.07180054541649783, "tput": 246.19425606160524}}}, "fillp": {"1": {"1": {"delay": 45.07, "loss": 0.04403554894287787, "tput": 421.81784874808653}, "all": {"delay": 45.07, "loss": 0.04403554894287787, "tput": 421.81784874808653}}, "2": {"1": {"delay": 45.923, "loss": 0.11549897776699203, "tput": 262.28740874351575}, "all": {"delay": 45.923, "loss": 0.11549897776699203, "tput": 262.28740874351575}}, "3": {"1": {"delay": 46.21, "loss": 0.11288546439641167, "tput": 254.58438137295323}, "all": {"delay": 46.21, "loss": 0.11288546439641167, "tput": 254.58438137295323}}}, "cubic": {"1": {"1": {"delay": 45.0, "loss": 0.0027468487105174466, "tput": 11.184686788634322}, "all": {"delay": 45.0, "loss": 0.0027468487105174466, "tput": 11.184686788634322}}, "2": {"1": {"delay": 44.904, "loss": 0.004183790767322115, "tput": 11.43587782724326}, "all": {"delay": 44.904, "loss": 0.004183790767322115, "tput": 11.43587782724326}}, "3": {"1": {"delay": 45.216, "loss": 0.004796218355956561, "tput": 13.04689283078068}, "all": {"delay": 45.216, "loss": 0.004796218355956561, "tput": 13.04689283078068}}}, "sprout": {"1": {"1": {"delay": 44.878, "loss": 0.011086307400951068, "tput": 9.071814572313112}, "all": {"delay": 44.878, "loss": 0.011086307400951068, "tput": 9.071814572313112}}, "2": {"1": {"delay": 45.344, "loss": 0.012773951272502582, "tput": 9.026486420879033}, "all": {"delay": 45.344, "loss": 0.012773951272502582, "tput": 9.026486420879033}}, "3": {"1": {"delay": 45.126, "loss": 0.012384582211007356, "tput": 9.05311939491702}, "all": {"delay": 45.126, "loss": 0.012384582211007356, "tput": 9.05311939491702}}}, "vivace": {"1": {"1": {"delay": 45.237, "loss": 0.031566889860585534, "tput": 134.56269393288062}, "all": {"delay": 45.237, "loss": 0.031566889860585534, "tput": 134.56269393288062}}, "2": {"1": {"delay": 45.054, "loss": 0.0029746916387415334, "tput": 87.86653063424976}, "all": {"delay": 45.054, "loss": 0.0029746916387415334, "tput": 87.86653063424976}}, "3": {"1": {"delay": 46.299, "loss": 0.0696741968404695, "tput": 130.6711612236378}, "all": {"delay": 46.299, "loss": 0.0696741968404695, "tput": 130.6711612236378}}}, "bbr": {"1": {"1": {"delay": 44.846, "loss": 0.028934399578771752, "tput": 143.48637147155955}, "all": {"delay": 44.846, "loss": 0.028934399578771752, "tput": 143.48637147155955}}, "2": {"1": {"delay": 44.757, "loss": 0.023007224681050875, "tput": 149.27363944586594}, "all": {"delay": 44.757, "loss": 0.023007224681050875, "tput": 149.27363944586594}}, "3": {"1": {"delay": 45.294, "loss": 0.044379660499461515, "tput": 128.07357899605952}, "all": {"delay": 45.294, "loss": 0.044379660499461515, "tput": 128.07357899605952}}}, "vegas": {"1": {"1": {"delay": 45.183, "loss": 0.006082608018769697, "tput": 6.677957626579896}, "all": {"delay": 45.183, "loss": 0.006082608018769697, "tput": 6.677957626579896}}, "2": {"1": {"delay": 45.11, "loss": 0.008896175940558138, "tput": 8.65818612837969}, "all": {"delay": 45.11, "loss": 0.008896175940558138, "tput": 8.65818612837969}}, "3": {"1": {"delay": 45.451, "loss": 0.006692148728036362, "tput": 8.628190476597737}, "all": {"delay": 45.451, "loss": 0.006692148728036362, "tput": 8.628190476597737}}}, "ledbat": {"1": {"1": {"delay": 45.259, "loss": 0.006045174603483194, "tput": 9.726628963790903}, "all": {"delay": 45.259, "loss": 0.006045174603483194, "tput": 9.726628963790903}}, "2": {"1": {"delay": 45.502, "loss": 0.006798724678612533, "tput": 8.300879464105817}, "all": {"delay": 45.502, "loss": 0.006798724678612533, "tput": 8.300879464105817}}, "3": {"1": {"delay": 45.511, "loss": 0.006003135736338039, "tput": 8.835747727821252}, "all": {"delay": 45.511, "loss": 0.006003135736338039, "tput": 8.835747727821252}}}, "pcc": {"1": {"1": {"delay": 44.706, "loss": 0.01875718136221316, "tput": 171.27877687240638}, "all": {"delay": 44.706, "loss": 0.01875718136221316, "tput": 171.27877687240638}}, "2": {"1": {"delay": 46.768, "loss": 0.040737010267151263, "tput": 134.2143832867569}, "all": {"delay": 46.768, "loss": 0.040737010267151263, "tput": 134.2143832867569}}, "3": {"1": {"delay": 45.342, "loss": 0.07206808535282028, "tput": 236.10837395558724}, "all": {"delay": 45.342, "loss": 0.07206808535282028, "tput": 236.10837395558724}}}, "scream": {"1": {"1": {"delay": 44.259, "loss": 0.0, "tput": 0.2171877198582212}, "all": {"delay": 44.259, "loss": 0.0, "tput": 0.2171877198582212}}, "2": {"1": {"delay": 44.473, "loss": 0.0, "tput": 0.21746831723494892}, "all": {"delay": 44.473, "loss": 0.0, "tput": 0.21746831723494892}}, "3": {"1": {"delay": 44.806, "loss": 0.0, "tput": 0.21729336900945487}, "all": {"delay": 44.806, "loss": 0.0, "tput": 0.21729336900945487}}}, "taova": {"1": {"1": {"delay": 45.693, "loss": 0.06726485003899996, "tput": 144.9605080631192}, "all": {"delay": 45.693, "loss": 0.06726485003899996, "tput": 144.9605080631192}}, "2": {"1": {"delay": 45.911, "loss": 0.07519055016702847, "tput": 151.3998597476438}, "all": {"delay": 45.911, "loss": 0.07519055016702847, "tput": 151.3998597476438}}, "3": {"1": {"delay": 45.669, "loss": 0.07237012975976775, "tput": 147.72371502202745}, "all": {"delay": 45.669, "loss": 0.07237012975976775, "tput": 147.72371502202745}}}, "pcc_experimental": {"1": {"1": {"delay": 45.253, "loss": 0.05180437859543485, "tput": 303.8353616869754}, "all": {"delay": 45.253, "loss": 0.05180437859543485, "tput": 303.8353616869754}}, "2": {"1": {"delay": 45.466, "loss": 0.042355230850605996, "tput": 152.87393041974119}, "all": {"delay": 45.466, "loss": 0.042355230850605996, "tput": 152.87393041974119}}, "3": {"1": {"delay": 46.351, "loss": 0.030545358877033024, "tput": 136.04041751928781}, "all": {"delay": 46.351, "loss": 0.030545358877033024, "tput": 136.04041751928781}}}}