{"fillp_sheep": {"1": {"1": {"delay": 71.998, "loss": 0.07232073170487718, "tput": 282.10426032115157}, "all": {"delay": 71.998, "loss": 0.07232073170487718, "tput": 282.10426032115157}}, "2": {"1": {"delay": 72.182, "loss": 0.07792943941682784, "tput": 264.22439512324104}, "all": {"delay": 72.182, "loss": 0.07792943941682784, "tput": 264.22439512324104}}, "3": {"1": {"delay": 70.32, "loss": 0.05378707556971374, "tput": 465.5555003340316}, "all": {"delay": 70.32, "loss": 0.05378707556971374, "tput": 465.5555003340316}}}, "fillp": {"1": {"1": {"delay": 72.299, "loss": 0.10393279798118926, "tput": 300.1448612469475}, "all": {"delay": 72.299, "loss": 0.10393279798118926, "tput": 300.1448612469475}}, "2": {"1": {"delay": 72.647, "loss": 0.10701709655452962, "tput": 282.2619402826468}, "all": {"delay": 72.647, "loss": 0.10701709655452962, "tput": 282.2619402826468}}, "3": {"1": {"delay": 70.842, "loss": 0.09297144323634177, "tput": 289.86468365088143}, "all": {"delay": 70.842, "loss": 0.09297144323634177, "tput": 289.86468365088143}}}, "cubic": {"1": {"1": {"delay": 71.701, "loss": 0.006646746268893611, "tput": 8.01594283315513}, "all": {"delay": 71.701, "loss": 0.006646746268893611, "tput": 8.01594283315513}}, "2": {"1": {"delay": 71.726, "loss": 0.005009266755181874, "tput": 6.8489719551100805}, "all": {"delay": 71.726, "loss": 0.005009266755181874, "tput": 6.8489719551100805}}, "3": {"1": {"delay": 70.105, "loss": 0.009716155023196671, "tput": 7.140263428780206}, "all": {"delay": 70.105, "loss": 0.009716155023196671, "tput": 7.140263428780206}}}, "sprout": {"1": {"1": {"delay": 71.716, "loss": 0.055498010685268495, "tput": 4.7983888266174235}, "all": {"delay": 71.716, "loss": 0.055498010685268495, "tput": 4.7983888266174235}}, "2": {"1": {"delay": 72.289, "loss": 0.03736494996112916, "tput": 5.141421301783625}, "all": {"delay": 72.289, "loss": 0.03736494996112916, "tput": 5.141421301783625}}, "3": {"1": {"delay": 70.283, "loss": 0.05473507089571661, "tput": 4.61814617067552}, "all": {"delay": 70.283, "loss": 0.05473507089571661, "tput": 4.61814617067552}}}, "vivace": {"1": {"1": {"delay": 71.609, "loss": 0.013437212231574791, "tput": 132.40540752963912}, "all": {"delay": 71.609, "loss": 0.013437212231574791, "tput": 132.40540752963912}}, "2": {"1": {"delay": 71.676, "loss": 0.011569865552429337, "tput": 128.9050147059572}, "all": {"delay": 71.676, "loss": 0.011569865552429337, "tput": 128.9050147059572}}, "3": {"1": {"delay": 71.027, "loss": 0.03560209652845647, "tput": 123.7600181670154}, "all": {"delay": 71.027, "loss": 0.03560209652845647, "tput": 123.7600181670154}}}, "bbr": {"1": {"1": {"delay": 71.514, "loss": 0.01452495946719401, "tput": 98.90974761055365}, "all": {"delay": 71.514, "loss": 0.01452495946719401, "tput": 98.90974761055365}}, "2": {"1": {"delay": 71.585, "loss": 0.01089302252098534, "tput": 104.01634642684081}, "all": {"delay": 71.585, "loss": 0.01089302252098534, "tput": 104.01634642684081}}, "3": {"1": {"delay": 70.179, "loss": 0.018192229781418212, "tput": 100.96193479666563}, "all": {"delay": 70.179, "loss": 0.018192229781418212, "tput": 100.96193479666563}}}, "vegas": {"1": {"1": {"delay": 71.771, "loss": 0.0068907774345243755, "tput": 6.225567830273386}, "all": {"delay": 71.771, "loss": 0.0068907774345243755, "tput": 6.225567830273386}}, "2": {"1": {"delay": 71.459, "loss": 0.009292787867336116, "tput": 5.462450858165359}, "all": {"delay": 71.459, "loss": 0.009292787867336116, "tput": 5.462450858165359}}, "3": {"1": {"delay": 69.833, "loss": 0.005727815916786283, "tput": 7.365781750768354}, "all": {"delay": 69.833, "loss": 0.005727815916786283, "tput": 7.365781750768354}}}, "ledbat": {"1": {"1": {"delay": 71.751, "loss": 0.007930697183693325, "tput": 5.040947529010477}, "all": {"delay": 71.751, "loss": 0.007930697183693325, "tput": 5.040947529010477}}, "2": {"1": {"delay": 71.51, "loss": 0.008677634722350835, "tput": 3.977197381046908}, "all": {"delay": 71.51, "loss": 0.008677634722350835, "tput": 3.977197381046908}}, "3": {"1": {"delay": 70.178, "loss": 0.0025886000787849195, "tput": 6.644929910735934}, "all": {"delay": 70.178, "loss": 0.0025886000787849195, "tput": 6.644929910735934}}}, "pcc": {"1": {"1": {"delay": 70.962, "loss": 0.01230166953536549, "tput": 162.6379290140583}, "all": {"delay": 70.962, "loss": 0.01230166953536549, "tput": 162.6379290140583}}, "2": {"1": {"delay": 71.117, "loss": 0.04114625549550677, "tput": 253.33745608595396}, "all": {"delay": 71.117, "loss": 0.04114625549550677, "tput": 253.33745608595396}}, "3": {"1": {"delay": 69.856, "loss": 0.024953033465195507, "tput": 224.43056366130432}, "all": {"delay": 69.856, "loss": 0.024953033465195507, "tput": 224.43056366130432}}}, "scream": {"1": {"1": {"delay": 71.1, "loss": 0.0, "tput": 0.21752492043845442}, "all": {"delay": 71.1, "loss": 0.0, "tput": 0.21752492043845442}}, "2": {"1": {"delay": 70.532, "loss": 0.0, "tput": 0.21753302345454628}, "all": {"delay": 70.532, "loss": 0.0, "tput": 0.21753302345454628}}, "3": {"1": {"delay": 69.548, "loss": 0.0, "tput": 0.21742885543525514}, "all": {"delay": 69.548, "loss": 0.0, "tput": 0.21742885543525514}}}, "taova": {"1": {"1": {"delay": 73.186, "loss": 0.07763615220418896, "tput": 133.6757848896482}, "all": {"delay": 73.186, "loss": 0.07763615220418896, "tput": 133.6757848896482}}, "2": {"1": {"delay": 71.471, "loss": 0.07186732602100854, "tput": 131.46501150405481}, "all": {"delay": 71.471, "loss": 0.07186732602100854, "tput": 131.46501150405481}}, "3": {"1": {"delay": 70.388, "loss": 0.06125232896640631, "tput": 133.41967016984353}, "all": {"delay": 70.388, "loss": 0.06125232896640631, "tput": 133.41967016984353}}}, "pcc_experimental": {"1": {"1": {"delay": 72.386, "loss": 0.014563711927005785, "tput": 100.94467328559598}, "all": {"delay": 72.386, "loss": 0.014563711927005785, "tput": 100.94467328559598}}, "2": {"1": {"delay": 71.216, "loss": 0.03507382143277371, "tput": 155.65106326707448}, "all": {"delay": 71.216, "loss": 0.03507382143277371, "tput": 155.65106326707448}}, "3": {"1": {"delay": 70.44, "loss": 0.03268116475897387, "tput": 133.93271125726443}, "all": {"delay": 70.44, "loss": 0.03268116475897387, "tput": 133.93271125726443}}}}