{"fillp_sheep": {"1": {"1": {"delay": 43.502, "loss": 0.08471453366337955, "tput": 234.41332004227917}, "all": {"delay": 43.502, "loss": 0.08471453366337955, "tput": 234.41332004227917}}, "2": {"1": {"delay": 43.268, "loss": 0.08243866928908761, "tput": 242.84878402321704}, "all": {"delay": 43.268, "loss": 0.08243866928908761, "tput": 242.84878402321704}}, "3": {"1": {"delay": 42.877, "loss": 0.05435693016508769, "tput": 398.9872085238038}, "all": {"delay": 42.877, "loss": 0.05435693016508769, "tput": 398.9872085238038}}}, "fillp": {"1": {"1": {"delay": 42.665, "loss": 0.02970852798840784, "tput": 431.88132242239203}, "all": {"delay": 42.665, "loss": 0.02970852798840784, "tput": 431.88132242239203}}, "2": {"1": {"delay": 42.684, "loss": 0.04412739447328662, "tput": 378.6458901183901}, "all": {"delay": 42.684, "loss": 0.04412739447328662, "tput": 378.6458901183901}}, "3": {"1": {"delay": 44.142, "loss": 0.1261318172701572, "tput": 255.42801750159703}, "all": {"delay": 44.142, "loss": 0.1261318172701572, "tput": 255.42801750159703}}}, "cubic": {"1": {"1": {"delay": 42.728, "loss": 0.007898843871381844, "tput": 11.327566283390627}, "all": {"delay": 42.728, "loss": 0.007898843871381844, "tput": 11.327566283390627}}, "2": {"1": {"delay": 42.536, "loss": 0.0016594240795414494, "tput": 14.452355274415783}, "all": {"delay": 42.536, "loss": 0.0016594240795414494, "tput": 14.452355274415783}}, "3": {"1": {"delay": 43.273, "loss": 0.002535289209976588, "tput": 17.19517081881522}, "all": {"delay": 43.273, "loss": 0.002535289209976588, "tput": 17.19517081881522}}}, "sprout": {"1": {"1": {"delay": 42.835, "loss": 0.019723780224271348, "tput": 9.076976807845877}, "all": {"delay": 42.835, "loss": 0.019723780224271348, "tput": 9.076976807845877}}, "2": {"1": {"delay": 42.71, "loss": 0.012642864613427784, "tput": 9.04724615680639}, "all": {"delay": 42.71, "loss": 0.012642864613427784, "tput": 9.04724615680639}}, "3": {"1": {"delay": 43.647, "loss": 0.016867640894022817, "tput": 9.007420863124253}, "all": {"delay": 43.647, "loss": 0.016867640894022817, "tput": 9.007420863124253}}}, "vivace": {"1": {"1": {"delay": 44.249, "loss": 0.052528298425185804, "tput": 111.91595410573606}, "all": {"delay": 44.249, "loss": 0.052528298425185804, "tput": 111.91595410573606}}, "2": {"1": {"delay": 42.72, "loss": 0.01180967842666003, "tput": 118.68617220456163}, "all": {"delay": 42.72, "loss": 0.01180967842666003, "tput": 118.68617220456163}}, "3": {"1": {"delay": 43.846, "loss": 0.008264562234330586, "tput": 94.92411247365597}, "all": {"delay": 43.846, "loss": 0.008264562234330586, "tput": 94.92411247365597}}}, "bbr": {"1": {"1": {"delay": 43.439, "loss": 0.04399620282785388, "tput": 127.2789064905334}, "all": {"delay": 43.439, "loss": 0.04399620282785388, "tput": 127.2789064905334}}, "2": {"1": {"delay": 43.257, "loss": 0.04650386976930021, "tput": 119.3516372814444}, "all": {"delay": 43.257, "loss": 0.04650386976930021, "tput": 119.3516372814444}}, "3": {"1": {"delay": 44.234, "loss": 0.042021056285506675, "tput": 125.05835630691134}, "all": {"delay": 44.234, "loss": 0.042021056285506675, "tput": 125.05835630691134}}}, "vegas": {"1": {"1": {"delay": 42.695, "loss": 0.0029354087650595995, "tput": 10.251660387818006}, "all": {"delay": 42.695, "loss": 0.0029354087650595995, "tput": 10.251660387818006}}, "2": {"1": {"delay": 42.617, "loss": 0.0052917757449568725, "tput": 6.9583860914346065}, "all": {"delay": 42.617, "loss": 0.0052917757449568725, "tput": 6.9583860914346065}}, "3": {"1": {"delay": 43.801, "loss": 0.004092966339338866, "tput": 10.032633386911572}, "all": {"delay": 43.801, "loss": 0.004092966339338866, "tput": 10.032633386911572}}}, "ledbat": {"1": {"1": {"delay": 42.779, "loss": 0.004316515338043891, "tput": 11.55413091428285}, "all": {"delay": 42.779, "loss": 0.004316515338043891, "tput": 11.55413091428285}}, "2": {"1": {"delay": 42.986, "loss": 0.003922256145167946, "tput": 10.918910632030562}, "all": {"delay": 42.986, "loss": 0.003922256145167946, "tput": 10.918910632030562}}, "3": {"1": {"delay": 44.142, "loss": 0.003865834186094763, "tput": 10.029624891127849}, "all": {"delay": 44.142, "loss": 0.003865834186094763, "tput": 10.029624891127849}}}, "pcc": {"1": {"1": {"delay": 42.619, "loss": 0.02484915215847261, "tput": 192.39081860877855}, "all": {"delay": 42.619, "loss": 0.02484915215847261, "tput": 192.39081860877855}}, "2": {"1": {"delay": 42.743, "loss": 0.009516768143510212, "tput": 109.64087460258114}, "all": {"delay": 42.743, "loss": 0.009516768143510212, "tput": 109.64087460258114}}, "3": {"1": {"delay": 44.441, "loss": 0.010771987770248681, "tput": 113.6624416264945}, "all": {"delay": 44.441, "loss": 0.010771987770248681, "tput": 113.6624416264945}}}, "scream": {"1": {"1": {"delay": 42.157, "loss": 0.0, "tput": 0.2174174928733354}, "all": {"delay": 42.157, "loss": 0.0, "tput": 0.2174174928733354}}, "2": {"1": {"delay": 42.044, "loss": 0.0, "tput": 0.21729176339697825}, "all": {"delay": 42.044, "loss": 0.0, "tput": 0.21729176339697825}}, "3": {"1": {"delay": 43.726, "loss": 0.0, "tput": 0.21729345349517434}, "all": {"delay": 43.726, "loss": 0.0, "tput": 0.21729345349517434}}}, "taova": {"1": {"1": {"delay": 44.262, "loss": 0.09556093654685094, "tput": 129.53502656882972}, "all": {"delay": 44.262, "loss": 0.09556093654685094, "tput": 129.53502656882972}}, "2": {"1": {"delay": 43.496, "loss": 0.08477544711355833, "tput": 131.22163342133598}, "all": {"delay": 43.496, "loss": 0.08477544711355833, "tput": 131.22163342133598}}, "3": {"1": {"delay": 45.074, "loss": 0.07741421906975976, "tput": 132.78194118262823}, "all": {"delay": 45.074, "loss": 0.07741421906975976, "tput": 132.78194118262823}}}, "pcc_experimental": {"1": {"1": {"delay": 43.351, "loss": 0.02211358315325207, "tput": 100.87600266587499}, "all": {"delay": 43.351, "loss": 0.02211358315325207, "tput": 100.87600266587499}}, "2": {"1": {"delay": 43.324, "loss": 0.03580482568131027, "tput": 138.2737956909184}, "all": {"delay": 43.324, "loss": 0.03580482568131027, "tput": 138.2737956909184}}, "3": {"1": {"delay": 44.986, "loss": 0.021557819164561454, "tput": 121.71752070583103}, "all": {"delay": 44.986, "loss": 0.021557819164561454, "tput": 121.71752070583103}}}}