{"fillp_sheep": {"1": {"1": {"delay": 70.446, "loss": 0.04529198172278481, "tput": 425.16751264687775}, "all": {"delay": 70.446, "loss": 0.04529198172278481, "tput": 425.16751264687775}}, "2": {"1": {"delay": 69.465, "loss": 0.0358395238886573, "tput": 415.57426958833116}, "all": {"delay": 69.465, "loss": 0.0358395238886573, "tput": 415.57426958833116}}, "3": {"1": {"delay": 68.702, "loss": 0.04016817089287539, "tput": 396.6012789513287}, "all": {"delay": 68.702, "loss": 0.04016817089287539, "tput": 396.6012789513287}}}, "fillp": {"1": {"1": {"delay": 71.044, "loss": 0.10630296315542243, "tput": 292.9619682894006}, "all": {"delay": 71.044, "loss": 0.10630296315542243, "tput": 292.9619682894006}}, "2": {"1": {"delay": 69.643, "loss": 0.06405838318676316, "tput": 383.2636645727632}, "all": {"delay": 69.643, "loss": 0.06405838318676316, "tput": 383.2636645727632}}, "3": {"1": {"delay": 68.664, "loss": 0.057640921261415845, "tput": 375.7164529806154}, "all": {"delay": 68.664, "loss": 0.057640921261415845, "tput": 375.7164529806154}}}, "cubic": {"1": {"1": {"delay": 70.19, "loss": 0.004835493677932012, "tput": 8.700313674248898}, "all": {"delay": 70.19, "loss": 0.004835493677932012, "tput": 8.700313674248898}}, "2": {"1": {"delay": 69.276, "loss": 0.007369604493275839, "tput": 8.033591951669724}, "all": {"delay": 69.276, "loss": 0.007369604493275839, "tput": 8.033591951669724}}, "3": {"1": {"delay": 68.84, "loss": 0.004232484715221196, "tput": 9.898135285463667}, "all": {"delay": 68.84, "loss": 0.004232484715221196, "tput": 9.898135285463667}}}, "sprout": {"1": {"1": {"delay": 70.671, "loss": 0.04287407461075865, "tput": 5.140890328691674}, "all": {"delay": 70.671, "loss": 0.04287407461075865, "tput": 5.140890328691674}}, "2": {"1": {"delay": 69.859, "loss": 0.03183881418848333, "tput": 5.195170154971334}, "all": {"delay": 69.859, "loss": 0.03183881418848333, "tput": 5.195170154971334}}, "3": {"1": {"delay": 68.911, "loss": 0.046738719724011224, "tput": 4.846822255949412}, "all": {"delay": 68.911, "loss": 0.046738719724011224, "tput": 4.846822255949412}}}, "vivace": {"1": {"1": {"delay": 70.504, "loss": 0.028654041298735722, "tput": 154.52456945278286}, "all": {"delay": 70.504, "loss": 0.028654041298735722, "tput": 154.52456945278286}}, "2": {"1": {"delay": 69.786, "loss": 0.03181369210572238, "tput": 182.89555899622178}, "all": {"delay": 69.786, "loss": 0.03181369210572238, "tput": 182.89555899622178}}, "3": {"1": {"delay": 68.8, "loss": 0.011186891380597697, "tput": 151.38437066831492}, "all": {"delay": 68.8, "loss": 0.011186891380597697, "tput": 151.38437066831492}}}, "bbr": {"1": {"1": {"delay": 69.94, "loss": 0.011940021559688097, "tput": 109.54501602138733}, "all": {"delay": 69.94, "loss": 0.011940021559688097, "tput": 109.54501602138733}}, "2": {"1": {"delay": 69.137, "loss": 0.014745186152296696, "tput": 103.36070767600856}, "all": {"delay": 69.137, "loss": 0.014745186152296696, "tput": 103.36070767600856}}, "3": {"1": {"delay": 68.42, "loss": 0.014240578875969523, "tput": 101.63889754971468}, "all": {"delay": 68.42, "loss": 0.014240578875969523, "tput": 101.63889754971468}}}, "vegas": {"1": {"1": {"delay": 69.957, "loss": 0.00390285951037328, "tput": 6.955063148995628}, "all": {"delay": 69.957, "loss": 0.00390285951037328, "tput": 6.955063148995628}}, "2": {"1": {"delay": 69.287, "loss": 0.013008989407010452, "tput": 6.752376866719637}, "all": {"delay": 69.287, "loss": 0.013008989407010452, "tput": 6.752376866719637}}, "3": {"1": {"delay": 68.615, "loss": 0.009159691964823469, "tput": 5.029896849121277}, "all": {"delay": 68.615, "loss": 0.009159691964823469, "tput": 5.029896849121277}}}, "ledbat": {"1": {"1": {"delay": 70.305, "loss": 0.003044391533361668, "tput": 6.53244833149009}, "all": {"delay": 70.305, "loss": 0.003044391533361668, "tput": 6.53244833149009}}, "2": {"1": {"delay": 69.673, "loss": 0.005446337708712945, "tput": 3.876801708075607}, "all": {"delay": 69.673, "loss": 0.005446337708712945, "tput": 3.876801708075607}}, "3": {"1": {"delay": 68.952, "loss": 0.010920338594623269, "tput": 4.084983526686006}, "all": {"delay": 68.952, "loss": 0.010920338594623269, "tput": 4.084983526686006}}}, "pcc": {"1": {"1": {"delay": 69.842, "loss": 0.033085243703373735, "tput": 193.01505537365716}, "all": {"delay": 69.842, "loss": 0.033085243703373735, "tput": 193.01505537365716}}, "2": {"1": {"delay": 69.113, "loss": 0.05331260504376689, "tput": 229.44969817827157}, "all": {"delay": 69.113, "loss": 0.05331260504376689, "tput": 229.44969817827157}}, "3": {"1": {"delay": 68.382, "loss": 0.029890173788847618, "tput": 168.4788973199752}, "all": {"delay": 68.382, "loss": 0.029890173788847618, "tput": 168.4788973199752}}}, "scream": {"1": {"1": {"delay": 69.295, "loss": 0.0, "tput": 0.21749394425562554}, "all": {"delay": 69.295, "loss": 0.0, "tput": 0.21749394425562554}}, "2": {"1": {"delay": 68.445, "loss": 0.0, "tput": 0.21768623267539478}, "all": {"delay": 68.445, "loss": 0.0, "tput": 0.21768623267539478}}, "3": {"1": {"delay": 68.15, "loss": 0.0, "tput": 0.21742431253518327}, "all": {"delay": 68.15, "loss": 0.0, "tput": 0.21742431253518327}}}, "taova": {"1": {"1": {"delay": 70.38, "loss": 0.049165622449207635, "tput": 150.71023742125544}, "all": {"delay": 70.38, "loss": 0.049165622449207635, "tput": 150.71023742125544}}, "2": {"1": {"delay": 69.664, "loss": 0.06048179649280905, "tput": 131.37464040476266}, "all": {"delay": 69.664, "loss": 0.06048179649280905, "tput": 131.37464040476266}}, "3": {"1": {"delay": 69.28, "loss": 0.05139923401738655, "tput": 142.79972065992808}, "all": {"delay": 69.28, "loss": 0.05139923401738655, "tput": 142.79972065992808}}}, "pcc_experimental": {"1": {"1": {"delay": 70.17, "loss": 0.027173585511605203, "tput": 135.3714831967616}, "all": {"delay": 70.17, "loss": 0.027173585511605203, "tput": 135.3714831967616}}, "2": {"1": {"delay": 69.585, "loss": 0.035447987922190505, "tput": 184.42740318050448}, "all": {"delay": 69.585, "loss": 0.035447987922190505, "tput": 184.42740318050448}}, "3": {"1": {"delay": 69.229, "loss": 0.047027102910128904, "tput": 215.19747665181228}, "all": {"delay": 69.229, "loss": 0.047027102910128904, "tput": 215.19747665181228}}}}