{"fillp_sheep": {"1": {"1": {"delay": 29.355, "loss": 0.08695333005612038, "tput": 254.8246599251693}, "all": {"delay": 29.355, "loss": 0.08695333005612038, "tput": 254.8246599251693}}, "2": {"1": {"delay": 29.839, "loss": 0.09048527471905699, "tput": 253.8576440660048}, "all": {"delay": 29.839, "loss": 0.09048527471905699, "tput": 253.8576440660048}}, "3": {"1": {"delay": 30.065, "loss": 0.04354077929550826, "tput": 418.7739547679552}, "all": {"delay": 30.065, "loss": 0.04354077929550826, "tput": 418.7739547679552}}}, "fillp": {"1": {"1": {"delay": 30.668, "loss": 0.12971522122278245, "tput": 291.54035203059294}, "all": {"delay": 30.668, "loss": 0.12971522122278245, "tput": 291.54035203059294}}, "2": {"1": {"delay": 30.095, "loss": 0.13973891533176086, "tput": 288.0395825382769}, "all": {"delay": 30.095, "loss": 0.13973891533176086, "tput": 288.0395825382769}}, "3": {"1": {"delay": 30.846, "loss": 0.07379831807497428, "tput": 352.6800179021153}, "all": {"delay": 30.846, "loss": 0.07379831807497428, "tput": 352.6800179021153}}}, "cubic": {"1": {"1": {"delay": 37.975, "loss": 0.0032461120306913616, "tput": 14.633742830479276}, "all": {"delay": 37.975, "loss": 0.0032461120306913616, "tput": 14.633742830479276}}, "2": {"1": {"delay": 29.43, "loss": 0.0026324593140675256, "tput": 14.118764369714047}, "all": {"delay": 29.43, "loss": 0.0026324593140675256, "tput": 14.118764369714047}}, "3": {"1": {"delay": 36.708, "loss": 0.005899159288156208, "tput": 11.547642055671194}, "all": {"delay": 36.708, "loss": 0.005899159288156208, "tput": 11.547642055671194}}}, "sprout": {"1": {"1": {"delay": 38.168, "loss": 0.02273944502011327, "tput": 9.168026667657857}, "all": {"delay": 38.168, "loss": 0.02273944502011327, "tput": 9.168026667657857}}, "2": {"1": {"delay": 38.092, "loss": 0.004473339453575642, "tput": 11.685636728101402}, "all": {"delay": 38.092, "loss": 0.004473339453575642, "tput": 11.685636728101402}}, "3": {"1": {"delay": 30.256, "loss": 0.008813130169011862, "tput": 11.56138295310331}, "all": {"delay": 30.256, "loss": 0.008813130169011862, "tput": 11.56138295310331}}}, "vivace": {"1": {"1": {"delay": 36.722, "loss": 0.020553643588850923, "tput": 115.4290691174402}, "all": {"delay": 36.722, "loss": 0.020553643588850923, "tput": 115.4290691174402}}, "2": {"1": {"delay": 37.14, "loss": 0.005914066138287932, "tput": 106.8002753263815}, "all": {"delay": 37.14, "loss": 0.005914066138287932, "tput": 106.8002753263815}}, "3": {"1": {"delay": 31.624, "loss": 0.05485698889721757, "tput": 110.8425677892756}, "all": {"delay": 31.624, "loss": 0.05485698889721757, "tput": 110.8425677892756}}}, "bbr": {"1": {"1": {"delay": 28.938, "loss": 0.03709923807990112, "tput": 166.06875800728866}, "all": {"delay": 28.938, "loss": 0.03709923807990112, "tput": 166.06875800728866}}, "2": {"1": {"delay": 38.109, "loss": 0.02767498552875458, "tput": 167.86989603752954}, "all": {"delay": 38.109, "loss": 0.02767498552875458, "tput": 167.86989603752954}}, "3": {"1": {"delay": 29.821, "loss": 0.050750097657123794, "tput": 137.6007601524935}, "all": {"delay": 29.821, "loss": 0.050750097657123794, "tput": 137.6007601524935}}}, "vegas": {"1": {"1": {"delay": 37.628, "loss": 0.012005564304418015, "tput": 10.087201066207847}, "all": {"delay": 37.628, "loss": 0.012005564304418015, "tput": 10.087201066207847}}, "2": {"1": {"delay": 30.145, "loss": 0.009700858216498243, "tput": 15.211204302570538}, "all": {"delay": 30.145, "loss": 0.009700858216498243, "tput": 15.211204302570538}}, "3": {"1": {"delay": 38.019, "loss": 0.0052485209667915145, "tput": 10.640959500479061}, "all": {"delay": 38.019, "loss": 0.0052485209667915145, "tput": 10.640959500479061}}}, "ledbat": {"1": {"1": {"delay": 38.452, "loss": 0.0058151145837904705, "tput": 11.57303953556472}, "all": {"delay": 38.452, "loss": 0.0058151145837904705, "tput": 11.57303953556472}}, "2": {"1": {"delay": 29.551, "loss": 0.00616796297202693, "tput": 11.366718516477855}, "all": {"delay": 29.551, "loss": 0.00616796297202693, "tput": 11.366718516477855}}, "3": {"1": {"delay": 38.512, "loss": 0.004795303439998011, "tput": 14.59731456523054}, "all": {"delay": 38.512, "loss": 0.004795303439998011, "tput": 14.59731456523054}}}, "pcc": {"1": {"1": {"delay": 37.457, "loss": 0.043269957222624944, "tput": 217.68731364769215}, "all": {"delay": 37.457, "loss": 0.043269957222624944, "tput": 217.68731364769215}}, "2": {"1": {"delay": 30.127, "loss": 0.06380666842134008, "tput": 261.07993181456}, "all": {"delay": 30.127, "loss": 0.06380666842134008, "tput": 261.07993181456}}, "3": {"1": {"delay": 29.432, "loss": 0.025668422180090467, "tput": 225.88299827623356}, "all": {"delay": 29.432, "loss": 0.025668422180090467, "tput": 225.88299827623356}}}, "scream": {"1": {"1": {"delay": 28.682, "loss": 0.0013122100716734808, "tput": 0.2171243961711092}, "all": {"delay": 28.682, "loss": 0.0013122100716734808, "tput": 0.2171243961711092}}, "2": {"1": {"delay": 28.797, "loss": 0.0, "tput": 0.21416564238543048}, "all": {"delay": 28.797, "loss": 0.0, "tput": 0.21416564238543048}}, "3": {"1": {"delay": 29.064, "loss": 0.0, "tput": 0.21419546920114932}, "all": {"delay": 29.064, "loss": 0.0, "tput": 0.21419546920114932}}}, "taova": {"1": {"1": {"delay": 29.72, "loss": 0.08092400477166994, "tput": 136.83287393260846}, "all": {"delay": 29.72, "loss": 0.08092400477166994, "tput": 136.83287393260846}}, "2": {"1": {"delay": 31.424, "loss": 0.07129098545826484, "tput": 131.95586971781862}, "all": {"delay": 31.424, "loss": 0.07129098545826484, "tput": 131.95586971781862}}, "3": {"1": {"delay": 30.222, "loss": 0.06154253669535026, "tput": 141.77646485883872}, "all": {"delay": 30.222, "loss": 0.06154253669535026, "tput": 141.77646485883872}}}, "pcc_experimental": {"1": {"1": {"delay": 29.699, "loss": 0.06813253002066155, "tput": 134.00432255889046}, "all": {"delay": 29.699, "loss": 0.06813253002066155, "tput": 134.00432255889046}}, "2": {"1": {"delay": 37.485, "loss": 0.02854802086770425, "tput": 122.94584851551974}, "all": {"delay": 37.485, "loss": 0.02854802086770425, "tput": 122.94584851551974}}, "3": {"1": {"delay": 38.068, "loss": 0.03772809826081791, "tput": 130.2431022567717}, "all": {"delay": 38.068, "loss": 0.03772809826081791, "tput": 130.2431022567717}}}}