{"fillp_sheep": {"1": {"1": {"delay": 108.918, "loss": 0.08485313842732212, "tput": 293.4572620159887}, "all": {"delay": 108.918, "loss": 0.08485313842732212, "tput": 293.4572620159887}}, "2": {"1": {"delay": 108.058, "loss": 0.04056978732060024, "tput": 390.6814124528435}, "all": {"delay": 108.058, "loss": 0.04056978732060024, "tput": 390.6814124528435}}, "3": {"1": {"delay": 108.928, "loss": 0.06491879255642419, "tput": 293.7422696284404}, "all": {"delay": 108.928, "loss": 0.06491879255642419, "tput": 293.7422696284404}}}, "fillp": {"1": {"1": {"delay": 108.946, "loss": 0.0784966970367933, "tput": 297.7913880696153}, "all": {"delay": 108.946, "loss": 0.0784966970367933, "tput": 297.7913880696153}}, "2": {"1": {"delay": 108.176, "loss": 0.03455999503596652, "tput": 403.1675265753707}, "all": {"delay": 108.176, "loss": 0.03455999503596652, "tput": 403.1675265753707}}, "3": {"1": {"delay": 109.042, "loss": 0.08438982147570784, "tput": 296.04659024046975}, "all": {"delay": 109.042, "loss": 0.08438982147570784, "tput": 296.04659024046975}}}, "cubic": {"1": {"1": {"delay": 108.346, "loss": 0.010947334580818868, "tput": 5.857672153141063}, "all": {"delay": 108.346, "loss": 0.010947334580818868, "tput": 5.857672153141063}}, "2": {"1": {"delay": 108.111, "loss": 0.0033539845336258978, "tput": 7.970122043733128}, "all": {"delay": 108.111, "loss": 0.0033539845336258978, "tput": 7.970122043733128}}, "3": {"1": {"delay": 108.508, "loss": 0.01338444093117086, "tput": 7.196903450640117}, "all": {"delay": 108.508, "loss": 0.01338444093117086, "tput": 7.196903450640117}}}, "sprout": {"1": {"1": {"delay": 107.975, "loss": 0.0, "tput": 0.5379061095249532}, "all": {"delay": 107.975, "loss": 0.0, "tput": 0.5379061095249532}}, "2": {"1": {"delay": 107.975, "loss": 0.0, "tput": 0.4980577014949682}, "all": {"delay": 107.975, "loss": 0.0, "tput": 0.4980577014949682}}, "3": {"1": {"delay": 108.25, "loss": 0.0, "tput": 0.49873923405192727}, "all": {"delay": 108.25, "loss": 0.0, "tput": 0.49873923405192727}}}, "vivace": {"1": {"1": {"delay": 108.378, "loss": 0.0033655368322723644, "tput": 148.88074869577312}, "all": {"delay": 108.378, "loss": 0.0033655368322723644, "tput": 148.88074869577312}}, "2": {"1": {"delay": 108.5, "loss": 0.025106783023162382, "tput": 181.49256659520339}, "all": {"delay": 108.5, "loss": 0.025106783023162382, "tput": 181.49256659520339}}, "3": {"1": {"delay": 108.807, "loss": 0.020661063397456658, "tput": 106.12567893164253}, "all": {"delay": 108.807, "loss": 0.020661063397456658, "tput": 106.12567893164253}}}, "bbr": {"1": {"1": {"delay": 107.944, "loss": 4.707217302990507e-05, "tput": 93.56769472680591}, "all": {"delay": 107.944, "loss": 4.707217302990507e-05, "tput": 93.56769472680591}}, "2": {"1": {"delay": 108.057, "loss": 0.00011134449170346894, "tput": 93.41892186026266}, "all": {"delay": 108.057, "loss": 0.00011134449170346894, "tput": 93.41892186026266}}, "3": {"1": {"delay": 108.095, "loss": 0.00033636923963642484, "tput": 89.32627703915237}, "all": {"delay": 108.095, "loss": 0.00033636923963642484, "tput": 89.32627703915237}}}, "vegas": {"1": {"1": {"delay": 108.235, "loss": 0.00969120703624704, "tput": 4.4250201447912305}, "all": {"delay": 108.235, "loss": 0.00969120703624704, "tput": 4.4250201447912305}}, "2": {"1": {"delay": 108.473, "loss": 0.00870979932349114, "tput": 3.8762243059568613}, "all": {"delay": 108.473, "loss": 0.00870979932349114, "tput": 3.8762243059568613}}, "3": {"1": {"delay": 108.338, "loss": 0.009380423057079867, "tput": 3.727080829537813}, "all": {"delay": 108.338, "loss": 0.009380423057079867, "tput": 3.727080829537813}}}, "ledbat": {"1": {"1": {"delay": 107.926, "loss": 0.004644102117026261, "tput": 5.451717386601754}, "all": {"delay": 107.926, "loss": 0.004644102117026261, "tput": 5.451717386601754}}, "2": {"1": {"delay": 107.943, "loss": 3.800125865649484e-06, "tput": 7.861916676892216}, "all": {"delay": 107.943, "loss": 3.800125865649484e-06, "tput": 7.861916676892216}}, "3": {"1": {"delay": 108.282, "loss": 0.0030787222830006566, "tput": 4.084046149040907}, "all": {"delay": 108.282, "loss": 0.0030787222830006566, "tput": 4.084046149040907}}}, "pcc": {"1": {"1": {"delay": 107.996, "loss": 0.03411949433822603, "tput": 250.4585800120632}, "all": {"delay": 107.996, "loss": 0.03411949433822603, "tput": 250.4585800120632}}, "2": {"1": {"delay": 108.247, "loss": 0.045395088697508745, "tput": 257.2299874612956}, "all": {"delay": 108.247, "loss": 0.045395088697508745, "tput": 257.2299874612956}}, "3": {"1": {"delay": 108.392, "loss": 0.02590771684167148, "tput": 262.63571187016146}, "all": {"delay": 108.392, "loss": 0.02590771684167148, "tput": 262.63571187016146}}}, "scream": {"1": {"1": {"delay": 107.788, "loss": 0.0, "tput": 0.21928946659860923}, "all": {"delay": 107.788, "loss": 0.0, "tput": 0.21928946659860923}}, "2": {"1": {"delay": 108.103, "loss": 0.0, "tput": 0.21957096166414675}, "all": {"delay": 108.103, "loss": 0.0, "tput": 0.21957096166414675}}, "3": {"1": {"delay": 108.133, "loss": 0.0, "tput": 0.21944375147562253}, "all": {"delay": 108.133, "loss": 0.0, "tput": 0.21944375147562253}}}, "taova": {"1": {"1": {"delay": 108.848, "loss": 0.06235533745946609, "tput": 109.7168523692113}, "all": {"delay": 108.848, "loss": 0.06235533745946609, "tput": 109.7168523692113}}, "2": {"1": {"delay": 109.069, "loss": 0.04233414566279259, "tput": 130.0261455662382}, "all": {"delay": 109.069, "loss": 0.04233414566279259, "tput": 130.0261455662382}}, "3": {"1": {"delay": 108.005, "loss": 0.001932219226986498, "tput": 15.915610100658661}, "all": {"delay": 108.005, "loss": 0.001932219226986498, "tput": 15.915610100658661}}}, "pcc_experimental": {"1": {"1": {"delay": 108.827, "loss": 0.02665850785753865, "tput": 151.27245939449645}, "all": {"delay": 108.827, "loss": 0.02665850785753865, "tput": 151.27245939449645}}, "2": {"1": {"delay": 108.919, "loss": 0.03842543375619811, "tput": 140.93267660481092}, "all": {"delay": 108.919, "loss": 0.03842543375619811, "tput": 140.93267660481092}}, "3": {"1": {"delay": 109.14, "loss": 0.0307469336383136, "tput": 137.9445716780993}, "all": {"delay": 109.14, "loss": 0.0307469336383136, "tput": 137.9445716780993}}}}